task_id,workload,data_size,result_size,priority,deadline
1,222552700.59,1447643.66,257473.35,2,2.04
2,42770260.15,3949.92,350.54,0,0.25
3,2770213254.96,1180159.05,244459.63,2,1.38
4,1767227530.94,861849.55,203893.82,0,0.87
5,3058257553.70,4054928.54,885509.39,1,1.93
6,4164082854.84,3130746.79,716742.37,0,1.77
7,29649408.40,8899.41,794.82,1,0.14
8,37647915.74,21741.20,1971.47,1,0.60
9,73183553.00,17176.85,1634.86,1,0.62
10,4229974408.93,3902399.57,695890.90,1,0.56
11,94348061.72,87760.40,8125.48,2,0.39
12,27223136.48,25416.12,2604.00,2,0.25
13,22712755.16,99756.22,10013.63,0,0.11
14,3981188885.38,2168583.84,357994.63,1,1.61
15,17911695533.52,5516645.99,1801111.09,1,4.38
16,646605650.62,2230349.73,437812.96,1,2.73
17,975394214.60,4571876.41,1049892.49,2,1.18
18,76488569.21,54398.52,6046.13,1,0.25
19,92980763.01,87993.47,9966.72,2,0.19
20,6284801781.02,26869570.85,6671862.28,1,5.40
21,55430555.76,27240.61,3129.87,1,0.26
22,1085640210.61,1627409.83,389946.84,1,1.63
23,23245036.37,34470.47,3568.81,0,0.18
24,1221814740.67,4536558.06,1037832.16,2,0.59
25,14098873.02,93615.91,9627.62,2,0.39
26,10596150.61,43674.07,4233.90,1,0.38
27,6476268067.28,23117957.69,6489587.84,1,4.33
28,42766282.34,28575.97,2571.62,2,0.52
29,347882814.67,4996484.10,1133613.34,2,2.83
30,49078471.42,22160.98,2128.38,2,0.13
31,78622989.59,46045.83,4462.78,1,0.72
32,858504443.84,1553868.34,369038.68,2,1.61
33,58833581.85,50782.19,5794.69,0,0.24
34,59908475.54,67846.04,6065.99,1,0.21
35,3134969400.63,2154202.09,445260.18,1,1.87
36,1269561167.82,2039350.65,435881.06,2,0.97
37,46370266.74,99846.99,11966.05,1,0.12
38,18212962605.30,44567160.91,12672371.41,2,2.26
39,4937442011.79,3304483.96,530785.54,2,1.74
40,7014366715.90,10194290.17,2577568.34,2,3.18
41,1097626830.40,3207766.00,580986.45,2,1.77
42,42934001.48,28391.34,2275.33,1,0.51
43,2803234063.52,2195665.90,353005.06,2,0.87
44,4189515597.44,2954296.88,507688.54,2,0.70
45,4317442651.80,4504730.72,796463.97,2,0.76
46,11095660847.48,32929767.96,8513872.98,2,6.63
47,4418939402.85,221453.17,48481.67,2,1.45
48,17161239748.62,17006256.93,5688336.85,2,2.02
49,81842073.95,46570.02,4294.11,0,0.40
50,33497933.17,86570.94,10273.86,1,0.26
51,13043235987.18,47265671.31,11997965.76,2,4.52
52,11731852.17,44021.81,4804.62,1,0.28
53,58082216.31,26217.53,2840.71,1,0.15
54,3735555381.41,3386079.67,640435.38,1,0.77
55,84953512.67,72255.67,6648.45,1,0.24
56,13601492.11,42624.19,5013.22,1,0.53
57,55245784.10,1040.19,95.15,1,0.33
58,44773820.13,22156.44,2191.88,0,0.62
59,52029748.98,63661.14,5946.43,1,0.57
60,20713863.34,3418.11,306.93,0,0.40
61,63346772.69,20249.09,2183.95,1,0.29
62,75345483.19,77234.57,6508.05,2,0.25
63,346070087.19,1321071.57,301028.49,2,1.61
64,13931784777.04,47751782.38,16568488.99,2,4.50
65,2784572557.99,4496319.71,986908.16,1,1.19
66,3852487053.06,2654369.08,557788.79,1,0.78
67,32651247.27,54475.07,4659.52,1,0.25
68,41352337.60,54718.50,5287.50,2,0.20
69,3508062633.84,4297986.96,950919.15,1,0.86
70,4281894957.79,4771808.66,923448.54,2,1.92
71,22722741.83,44147.76,3583.08,1,0.30
72,47271624.77,13635.15,1430.19,1,0.12
73,64632215.15,14434.25,1421.31,1,0.13
74,76361741.08,38533.50,4241.78,0,0.42
75,54402485.74,99990.88,9398.98,1,0.48
76,4753097490.31,1076867.34,174054.50,2,0.65
77,1168026250.44,3527378.36,780791.72,2,0.92
78,82110816.26,96507.36,8137.88,1,0.11
79,10949816622.75,37175661.73,9261185.14,1,4.66
80,4266436871.54,3042016.91,516182.83,1,2.66
81,37686516.75,51090.12,4784.55,0,0.61
82,14533776591.52,42291829.00,13739644.10,2,3.60
83,81011722.66,54279.12,5392.08,1,0.36
84,17460965283.36,8899830.41,3077523.46,2,2.22
85,3841299.78,85244.33,7439.58,1,0.25
86,15517756254.98,17432085.91,4204935.23,2,4.12
87,76058300.69,69370.32,7341.89,0,0.40
88,69486928.37,31314.40,3233.59,1,0.34
89,1720877356.26,3543989.22,643848.27,1,0.78
90,54050532.57,76456.77,6682.78,1,0.21
91,12869553036.63,17734941.65,4470324.95,1,1.70
92,53879373.84,28156.82,3349.87,0,0.41
93,12363180417.86,44272388.07,13675196.41,1,3.19
94,94165296.08,48295.19,5451.78,1,0.22
95,15770560.86,56721.12,5227.05,1,0.44
96,3974630066.23,1205866.97,243350.95,2,1.30
97,9580703664.79,32946229.45,10317299.86,1,5.80
98,66382385.58,16548.65,1438.95,1,0.10
99,1527170516.25,1234233.55,267281.26,2,1.74
100,16817420399.70,33127610.32,10579036.18,2,5.20
101,4551216081.54,4150492.68,687789.71,2,0.76
102,1514191882.70,709332.93,152573.43,1,2.26
103,8963743.34,4946.22,481.17,0,0.22
104,17539379208.59,30883959.91,10935835.81,1,6.35
105,75870614.21,47579.58,5046.31,1,0.43
106,2509456430.74,547087.79,102763.27,2,1.27
107,69673693.72,29533.56,3479.28,1,0.50
108,33004104.84,97048.29,9332.84,1,0.46
109,2124913096.92,1019154.45,192561.44,2,2.02
110,55372744.27,92839.60,9054.15,2,0.34
111,1272557565.41,876053.00,178773.61,2,1.15
112,11921718412.68,10285976.71,3495763.05,2,3.90
113,83637670.61,98044.22,8799.39,2,0.34
114,4408698650.22,4333731.98,789171.69,2,1.84
115,4120692418.61,1485911.02,273235.96,1,2.07
116,54319477.19,35167.27,3589.76,1,0.36
117,70052344.33,57607.97,5146.84,1,0.34
118,4075903622.57,1991785.89,424439.83,1,2.57
119,50726823.86,59427.86,6821.61,1,0.50
120,72521938.93,41587.88,4416.27,2,0.18
121,69577755.26,65333.83,7452.67,1,0.62
122,72153025.10,76180.78,8752.82,1,0.10
123,19961388844.34,38604486.50,11275466.26,2,1.73
124,69706115.12,90438.98,7401.49,1,0.42
125,53585465.50,57026.88,6369.95,2,0.14
126,1280065980.10,4572862.18,784014.56,1,1.17
127,80658674.62,90219.73,9662.93,1,0.18
128,3230799641.56,2179113.80,392257.61,1,1.66
129,24483364.49,57620.35,5934.46,2,0.50
130,1444953862.87,2873052.18,617315.37,2,1.35
131,90511373.80,29333.22,3283.98,1,0.36
132,3421045847.25,3632549.05,772768.59,2,2.18
133,1613771131.37,2260033.63,466393.88,1,1.38
134,960636345.18,747583.01,151873.45,2,2.29
135,1359153414.36,4140980.08,822182.59,1,2.26
136,96326435.99,14934.94,1772.18,2,0.58
137,17068814660.31,21459877.22,7186523.09,2,1.24
138,3394469907.02,2964344.45,669329.36,1,1.67
139,88539249.68,56579.33,6597.73,2,0.16
140,9532852617.94,23373313.51,6001641.47,2,4.85
141,88838671.54,14430.74,1416.32,2,0.49
142,74484632.46,16297.77,1574.29,1,0.16
143,5490744302.83,21673848.14,6354901.68,1,6.72
144,2767882721.26,4891428.39,922982.74,1,1.02
145,2328115106.00,3347566.82,707462.58,2,1.14
146,13466464.65,56893.22,4707.60,1,0.38
147,9928393301.48,11639938.10,4051440.20,1,1.42
148,25814765.48,18275.21,1945.26,1,0.10
149,33053374.73,18250.37,1498.28,1,0.46
150,78023686.89,51810.56,4370.85,0,0.44
151,4348206448.02,2655110.95,522110.05,1,1.64
152,68923652.11,49536.62,5765.47,1,0.11
153,28226583.96,63674.60,6490.62,1,0.34
154,60937252.36,10818.67,1169.19,1,0.55
155,1153613025.00,2312619.09,412292.54,1,1.13
156,43249636.62,66845.68,6348.47,0,0.23
157,556827498.35,573165.72,125582.72,1,2.04
158,1715265308.94,698933.30,131600.65,2,1.99
159,4845153264.03,3042009.45,572298.39,2,1.30
160,11713619.81,84691.97,8020.54,2,0.49
161,4875278350.42,4110291.61,859403.87,2,1.20
162,1410493853.26,984038.75,212764.83,0,1.00
163,13494816421.42,23035295.48,5920645.86,2,2.90
164,42563416.88,34748.70,3294.25,1,0.52
165,6208273.82,16583.58,1736.53,1,0.37
166,44762374.48,28043.52,3090.33,1,0.16
167,2484500491.48,3368949.54,551272.63,0,1.33
168,21912163.94,14586.25,1315.98,1,0.19
169,38640537.13,70663.46,7067.09,0,0.59
170,5634533923.44,5843369.15,2048331.65,2,5.35
171,2146700403.23,664349.53,107404.41,2,1.34
172,4606871783.53,531836.42,121024.03,1,1.05
173,31717181.62,34611.81,3230.07,0,0.19
174,4539021384.74,1811938.80,395347.52,1,2.37
175,20529908.48,60637.50,6694.90,1,0.33
176,75690136.70,76227.84,7466.99,1,0.56
177,4334809686.67,3173365.29,546061.89,1,0.67
178,6561039.90,51226.35,4734.15,2,0.24
179,86560753.36,85674.04,8961.53,1,0.34
180,4489796151.23,2303695.15,517836.74,1,1.51
181,7125496.31,11246.69,1304.22,1,0.31
182,25526628.64,44338.07,4326.37,1,0.28
183,41468170.33,34498.35,3584.91,0,0.52
184,68159555.14,29130.55,3173.75,2,0.52
185,58691211.94,15001.41,1410.02,1,0.63
186,4696210777.87,1616951.25,307437.97,2,2.31
187,3719995893.43,3458530.76,699008.73,1,1.61
188,18846029.36,22205.07,2618.13,0,0.28
189,84598410.48,11012.94,1220.62,0,0.62
190,76864452.84,13973.86,1328.48,1,0.23
191,911141912.15,2244599.69,432913.00,1,1.46
192,75105115.29,45443.87,4606.21,1,0.31
193,1902420695.30,4740937.83,1131923.48,1,1.19
194,4834713950.71,4102767.07,919433.13,2,0.69
195,13318111181.37,9616537.93,3284115.72,2,4.40
196,90625314.69,15587.52,1519.77,1,0.46
197,3640348.89,6272.43,627.75,1,0.29
198,93151764.57,84078.45,8912.18,1,0.37
199,3510752744.02,780084.19,168843.68,0,0.94
200,83661346.83,55331.62,6036.09,1,0.27
201,5727195.22,42562.73,4756.64,2,0.25
202,180533225.81,2625341.08,470868.18,2,0.79
203,42240191.93,66772.76,5570.49,1,0.42
204,4942824279.42,2815344.57,538396.07,2,1.50
205,2607980.88,79063.48,7415.53,1,0.49
206,1729341181.02,317244.87,64616.78,2,1.59
207,69843535.95,63541.85,7145.91,1,0.17
208,5336821.29,20747.51,1694.58,2,0.55
209,1341237449.49,3791125.50,664539.85,2,1.39
210,13323025.82,37433.90,4326.59,1,0.57
211,12443048398.06,27388552.66,9611115.75,2,4.19
212,60642876.58,82411.79,8391.08,1,0.20
213,60659541.15,43185.49,4646.35,2,0.20
214,99816909.18,28180.98,3359.20,1,0.41
215,80308501.58,68261.65,8062.49,1,0.19
216,7656102.94,78073.02,7389.86,1,0.30
217,4749235293.40,1922865.55,425043.20,1,1.59
218,1323097100.16,655898.20,143545.94,1,1.34
219,26768687.34,45181.04,5415.16,1,0.31
220,85429802.75,45752.23,5304.84,1,0.24
221,1665980083.29,1802383.94,297745.04,2,1.87
222,4643889837.94,3224730.11,720713.35,1,1.12
223,79246933.02,3602.12,368.00,1,0.34
224,522455860.09,1615524.52,387673.55,2,1.84
225,461378493.27,4864660.68,1028326.45,1,1.50
226,16703943932.57,33790726.82,8847614.43,2,5.37
227,13291950.94,16148.53,1398.24,1,0.30
228,18423888752.32,43067016.78,11631222.79,1,4.20
229,53814324.95,50754.74,4402.74,1,0.43
230,3065180648.52,4228397.02,867199.59,0,1.42
231,2926179034.24,3290536.89,728382.45,1,1.40
232,1519391118.33,4787585.83,950984.91,1,2.18
233,6931390.26,44520.94,4424.05,1,0.22
234,3697578798.54,4317809.09,1027767.80,1,0.74
235,47180784.14,27479.70,2470.89,1,0.14
236,1316524373.87,4340006.76,749848.89,1,1.19
237,2541501156.09,2622151.71,524170.16,2,0.79
238,4836764489.71,1154207.67,217258.36,2,0.66
239,2405875581.50,2729784.67,621773.40,2,1.63
240,1893093027.34,2062849.94,424168.43,0,0.94
241,3845580162.07,1470631.32,351668.03,2,1.34
242,79694825.61,34569.44,4063.91,1,0.38
243,321986427.09,771478.23,143991.21,2,1.36
244,1707032653.42,3104033.79,536998.35,1,2.62
245,83000649.21,53701.64,5818.55,1,0.30
246,4901500352.78,2960140.50,662302.97,0,2.04
247,96739998.92,78507.50,8717.98,1,0.43
248,63273498.87,62353.84,7086.31,0,0.20
249,6648432820.01,5852181.54,1624817.81,2,2.06
250,4610552654.50,4376806.77,957938.49,1,0.53
251,66560453.17,53022.24,4907.21,1,0.24
252,77426988.63,72371.53,7652.01,0,0.46
253,56250578.43,23261.84,2766.21,1,0.22
254,1653499650.59,1809135.55,424596.93,1,1.68
255,1960501508.33,4902786.63,1105432.27,1,2.63
256,71699987.46,35289.99,3447.66,1,0.23
257,4671817275.54,3511239.37,600358.16,1,1.72
258,2702103299.69,3225928.41,529695.15,1,1.46
259,125389087.39,2796727.57,655351.51,2,1.62
260,20746141.49,96427.49,8952.98,0,0.51
261,2722246156.78,3643276.62,855927.91,2,1.73
262,92043846.37,99720.01,9561.13,2,0.43
263,18151147518.77,5417022.58,1669284.89,1,2.13
264,13149507253.35,27226058.92,9600650.56,1,4.97
265,17086931.99,46432.53,4192.42,1,0.23
266,3810685476.26,959925.08,219334.93,1,2.54
267,67256329.49,19293.34,1651.98,1,0.22
268,75621908.53,95449.45,8788.78,1,0.31
269,404409225.82,679301.75,125361.41,2,1.28
270,1623791947.08,675337.15,157549.70,1,1.16
271,16165370.90,75025.75,7819.90,1,0.32
272,3354062752.76,1170216.95,210401.77,0,2.30
273,70672846.39,8732.17,895.63,1,0.15
274,834276668.77,1707776.42,344334.39,1,0.64
275,51527160.05,81060.52,7955.06,0,0.34
276,80884619.90,72604.73,6958.29,1,0.56
277,35108357.79,7312.23,875.75,2,0.40
278,41477826.65,77128.23,8532.94,1,0.62
279,10737194282.77,44132912.84,15394093.01,2,3.20
280,3302317082.25,1804072.45,314409.94,2,1.53
281,1343856.20,3250.80,298.86,1,0.44
282,1312808988.67,1796182.70,326998.61,1,2.49
283,2154278932.61,3853661.99,889041.86,1,0.49
284,60180704.78,70625.34,5787.54,1,0.43
285,86509294.02,6587.96,659.82,1,0.30
286,60193849.75,67580.66,6273.28,1,0.20
287,30749594.42,7034.81,829.69,1,0.65
288,50066457.96,97256.73,11443.56,1,0.50
289,15772543.17,38269.56,4216.41,1,0.40
290,4048303183.68,4582231.75,939315.70,1,2.32
291,21130336.57,65023.88,7600.58,1,0.38
292,27577697.20,67693.52,7048.04,1,0.42
293,2838367333.74,2449031.61,562194.57,0,1.47
294,19431163341.72,10279228.97,3699994.50,2,2.83
295,91597519.50,55655.85,6178.94,1,0.30
296,51768837.46,50230.45,4216.56,2,0.56
297,10560573821.47,23626857.68,7265328.84,1,1.70
298,13687143890.56,23791013.31,6144965.82,2,2.47
299,65806188.65,68799.81,6212.15,1,0.63
300,17655130.95,79702.58,6915.84,2,0.44
301,3244866369.59,387787.05,63095.24,2,2.59
302,2120721889.84,4228469.11,754843.77,1,1.26
303,62165688.35,67008.72,7013.18,0,0.33
304,158069743.83,2694146.47,490278.78,2,1.60
305,4050221724.84,4557889.49,768283.84,1,0.58
306,4094550514.50,1409891.21,270349.06,1,1.15
307,8387858789.41,35781873.15,12228242.33,2,5.06
308,38547138.20,55717.44,4582.46,1,0.10
309,78653254.77,57019.81,6518.41,0,0.16
310,86943572.17,88867.88,8799.70,2,0.10
311,13452647960.72,6480580.11,2277612.60,2,3.33
312,3592285859.75,2051650.50,340891.99,2,0.72
313,89756050.93,33841.25,3730.13,1,0.23
314,4874184304.44,363112.52,70794.98,2,1.83
315,10950545739.63,39809971.23,9695920.69,2,3.13
316,94173141.65,43752.95,4689.78,1,0.31
317,3594231810.12,501986.25,86511.14,2,1.95
318,11548540.85,1514.33,139.82,0,0.24
319,45435524.03,55919.26,5386.24,0,0.12
320,1689708619.80,1987665.80,364434.13,2,0.93
321,19672595960.21,30738219.38,8002693.90,1,2.26
322,7263447.88,44032.95,4264.33,1,0.25
323,62878335.09,59786.83,5250.60,2,0.14
324,62399026.60,80603.57,7510.78,2,0.32
325,7041867073.67,19429931.99,6871851.48,2,1.84
326,9371722273.70,36273099.55,10842786.75,2,3.20
327,2025382135.72,658050.34,134971.42,2,1.64
328,4769722596.28,2361948.89,511761.96,2,1.16
329,3998718496.38,2104793.79,420841.43,2,1.41
330,3966476139.78,462429.16,110638.97,1,1.32
331,15375632988.47,29464034.15,9867107.57,2,3.48
332,516411476.85,3867874.83,822341.64,0,1.29
333,15162078437.96,22982798.58,7591722.46,0,5.36
334,51556947.81,52360.98,5404.74,1,0.37
335,2984090787.05,2552282.33,478801.51,1,0.47
336,6741040069.38,47330427.12,12163968.10,1,2.51
337,48140090.59,44378.43,4787.12,2,0.23
338,85068820.80,65149.02,6976.52,1,0.25
339,16853435.41,56425.05,6677.26,0,0.21
340,2217458816.90,243042.14,50827.05,1,0.97
341,1108343948.90,3786394.93,850796.82,2,0.52
342,33272506.25,46297.49,4189.65,1,0.52
343,3095411263.58,2976323.10,559054.59,2,2.18
344,1557479690.03,3110974.13,518848.75,1,0.62
345,69650217.63,51571.66,4988.50,0,0.17
346,3497821339.99,3261774.47,782799.66,1,1.52
347,45649096.10,6307.52,595.19,2,0.10
348,12581570295.96,27273643.15,8786575.08,2,3.70
349,4055209.86,76344.61,6999.55,0,0.25
350,74509306.94,76826.04,7835.41,1,0.13
351,1897622683.32,4130793.55,674677.73,2,1.87
352,83177000.94,75383.20,6928.35,1,0.56
353,2251442526.58,4970392.65,1103678.33,1,1.17
354,71364641.99,63644.29,5514.09,1,0.15
355,35730732.42,28827.42,2927.45,1,0.30
356,85943667.65,98563.34,10563.23,1,0.20
357,19887293384.67,44017141.57,11234344.51,2,4.35
358,3831220578.65,3413549.31,679831.21,1,1.35
359,63729148.57,88132.38,7378.78,2,0.30
360,95075153.81,33401.64,2675.44,1,0.54
361,66750238.26,36464.05,3009.50,1,0.30
362,27585146.99,83006.02,7761.91,1,0.40
363,68572640.68,5792.52,486.47,0,0.46
364,11619289233.15,5030416.92,1785615.97,1,2.32
365,878989568.24,4670355.26,849638.30,1,1.45
366,7482876187.39,22835370.51,6317658.94,2,3.66
367,105322888.09,2436352.87,415680.74,0,1.07
368,4103834231.88,4941959.06,957678.10,1,0.59
369,601893135.20,1635422.24,376930.68,2,0.95
370,99301075.37,15142.45,1532.72,1,0.13
371,3177592187.87,841733.24,162401.31,0,2.14
372,75492119.01,59367.82,5661.39,0,0.50
373,9340622.88,55786.27,5801.79,1,0.46
374,3326186313.42,1578081.73,317857.11,1,1.67
375,89893343.48,95512.48,9531.72,1,0.17
376,4890715044.43,4935724.41,1158483.38,1,0.98
377,68611262.85,76509.87,9041.79,0,0.33
378,4942859.33,6986.42,779.49,1,0.38
379,70479253.22,9160.35,929.43,1,0.34
380,1095667720.39,4059494.40,823716.94,2,1.35
381,423963909.74,3523511.82,769523.25,0,1.49
382,45883812.39,61274.41,5660.02,0,0.52
383,3537348095.00,902779.89,213273.89,2,1.73
384,13566130.14,78331.27,7108.61,0,0.61
385,1432704915.60,412972.75,89609.25,1,1.17
386,50461390.57,57121.73,5409.86,1,0.18
387,1219181673.45,2593241.94,424054.79,1,1.74
388,15858382.16,93184.85,10650.97,1,0.46
389,32858399.43,42209.40,4592.87,1,0.18
390,4519510945.37,978787.32,219588.04,0,2.89
391,28948380.19,84639.80,7879.29,1,0.26
392,1589155605.61,3151315.87,621168.90,2,1.59
393,90143886.43,76287.74,6851.03,1,0.11
394,84117826.68,87842.66,10368.91,2,0.13
395,609350194.82,2696091.00,482744.28,2,1.04
396,555830527.95,4614244.57,1069503.44,1,1.65
397,6273536262.75,9300965.24,2381248.58,2,3.65
398,96457609.20,24440.40,2210.38,1,0.31
399,1658482824.40,1432583.77,237773.08,1,1.08
400,17273123.09,47139.46,4537.67,1,0.46
401,27235784.76,12871.44,1110.86,1,0.52
402,83756550.35,33451.57,2798.17,1,0.21
403,1374817284.33,4954315.44,805009.71,2,1.24
404,46742281.64,80585.78,6897.48,2,0.14
405,82543668.10,37851.73,3982.45,1,0.43
406,206820895.42,415912.98,96574.86,2,1.04
407,1724594467.14,309211.96,60877.53,2,0.90
408,3918747.01,68638.08,5965.49,1,0.17
409,5519741655.97,32862944.70,8856372.12,2,2.37
410,28697822.76,14586.37,1283.28,1,0.53
411,3994746597.08,4948077.72,1101210.83,1,1.23
412,12535898833.16,22477157.36,5879527.73,2,2.17
413,387097028.36,4958503.48,1003375.91,2,2.47
414,66029577.72,27386.17,3085.09,2,0.39
415,84804003.96,79941.68,7529.88,0,0.61
416,4050430104.26,3518370.16,820196.82,2,0.70
417,2859233565.23,1022344.96,244381.85,1,2.09
418,9935480.31,24029.71,2132.69,2,0.25
419,13918465.02,71976.83,8403.38,0,0.45
420,4594398322.66,3894395.84,886825.87,1,2.64
421,10933933435.31,9546447.66,2636841.67,2,1.41
422,4807244291.81,3280983.30,570681.81,2,2.51
423,1193862348.51,2985855.76,519622.90,1,1.23
424,4749061710.68,4748620.98,908544.70,0,2.94
425,4613087260.45,4840905.26,860091.48,1,1.96
426,1266180033.23,4913660.31,852180.99,2,1.58
427,4444602224.57,2288486.68,414712.68,1,0.74
428,1126834.59,39207.77,4285.54,1,0.69
429,55056372.80,11041.43,1095.08,1,0.56
430,8297229.57,84730.49,7777.95,0,0.33
431,38170330.52,73466.52,7484.91,1,0.40
432,2465410253.79,251866.70,59288.26,1,1.06
433,21349497.20,19808.44,2137.09,1,0.51
434,24517280.21,5913.91,608.37,1,0.40
435,30160395.45,66540.00,6920.73,0,0.15
436,9111673.38,84533.14,7805.29,1,0.30
437,54868476.89,19303.24,2227.97,1,0.28
438,23397985.75,27587.64,2275.03,0,0.51
439,54603451.59,97099.85,10058.48,2,0.45
440,54015926.79,86822.51,8594.82,0,0.51
441,15714585486.96,27594566.16,9604415.89,2,5.35
442,75961686.81,18115.02,2162.48,0,0.67
443,98839713.70,44103.93,5287.65,1,0.49
444,18712609053.48,8015537.89,2297027.91,1,2.66
445,87473159.08,78868.51,8275.07,1,0.34
446,59205479.19,76079.36,8945.87,0,0.56
447,54027714.63,35043.05,3379.40,1,0.29
448,28266000.06,15241.41,1590.38,2,0.31
449,24520350.10,74829.23,8742.55,2,0.37
450,28754318.67,49670.30,5356.81,0,0.20
451,11646659199.97,42162049.93,11482007.83,1,3.34
452,82572973.99,74353.54,8207.12,1,0.61
453,31801186.24,51172.73,4371.48,0,0.62
454,83460063.37,83860.69,7545.75,1,0.41
455,82527122.88,51007.51,5377.03,1,0.12
456,970160101.40,4365355.78,903412.21,2,0.94
457,3475367634.32,1496839.94,285784.55,2,0.89
458,14710698376.42,35496286.07,9665284.78,2,2.15
459,143600131.74,4566425.65,967122.03,1,1.13
460,1596752522.08,4838419.77,1022934.96,1,1.21
461,47203103.53,68042.42,7686.92,1,0.23
462,4232091355.42,1933725.84,409538.71,1,1.43
463,98847735.62,64418.88,7373.36,2,0.27
464,15843000.34,76781.96,8905.75,1,0.57
465,3435703176.90,3634287.67,772039.16,1,1.96
466,4496581.48,71098.83,7314.77,1,0.23
467,3945995570.95,4541979.88,970845.83,2,1.76
468,7717037867.06,9392137.87,2398313.37,2,2.78
469,68291524.56,34227.61,2860.47,1,0.32
470,1723453971.16,1376740.25,252665.00,2,2.01
471,4727074821.60,448957.11,103778.27,1,1.76
472,6352135.09,85569.74,7315.75,1,0.20
473,11863571495.92,19237255.59,6269040.98,2,4.70
474,63815397.95,1466.64,133.38,1,0.37
475,76593347.54,9716.09,1016.10,2,0.38
476,4734806.53,20742.01,1968.92,2,0.11
477,67998066.03,63042.01,5670.81,0,0.39
478,59278398.13,17535.00,1980.64,1,0.22
479,1755392240.92,4451072.81,1066645.26,1,1.45
480,94860351.02,91902.34,8835.09,0,0.25
481,2989494890.52,928025.24,175700.53,2,1.22
482,53938609.99,5810.11,695.98,0,0.46
483,2142200269.38,1963243.44,400074.83,2,1.10
484,1575470628.31,3342156.42,711874.76,1,1.11
485,614079760.81,3621954.50,613627.06,1,0.59
486,27036397.65,52791.46,4649.18,0,0.38
487,21561704.44,93379.31,8705.21,2,0.13
488,3378207459.46,830808.01,138916.59,1,1.66
489,23884868.36,98877.93,9081.04,0,0.25
490,29766150.55,80358.01,7433.78,1,0.34
491,85347873.78,66672.15,5788.51,1,0.27
492,6394269731.56,41673393.03,10916109.03,1,3.84
493,85216486.23,80190.01,8496.44,1,0.37
494,94304231.81,16780.14,1621.65,1,0.46
495,38595327.13,36501.29,2962.18,2,0.52
496,92119400.58,12180.81,1174.86,1,0.12
497,3421851713.00,3860890.72,795852.82,2,2.00
498,52787214.35,70357.44,5896.63,1,0.36
499,1985895425.29,4211261.80,861908.59,2,1.66
500,85035711.90,85335.24,9794.49,1,0.15
501,5755260717.90,15021793.54,4764884.04,2,2.52
502,2295683069.76,4297287.20,841260.36,2,0.78
503,41821516.22,56155.97,4492.86,1,0.17
504,51325436.29,21478.27,2295.15,0,0.51
505,45991538.28,56454.93,5915.93,1,0.36
506,76172675.16,22952.96,2149.64,1,0.64
507,3540270660.97,324312.74,56149.05,2,0.93
508,61474324.85,19566.80,2293.40,1,0.29
509,628052161.71,2130904.69,498908.98,2,2.13
510,66187212.81,95662.84,8168.21,0,0.35
511,17582241660.18,26731938.36,8046312.05,2,4.33
512,729070732.05,1998287.34,415731.06,1,2.10
513,18738653625.46,39306859.53,10724149.67,2,7.18
514,41861801.81,70301.41,7728.73,2,0.28
515,4684009179.57,3199658.09,563367.41,1,1.44
516,4908543931.55,3285423.30,777548.37,1,1.62
517,35871542.44,48556.62,4992.86,1,0.40
518,1501047103.10,4251775.35,955222.48,1,1.05
519,1079521844.60,3775906.59,652759.22,2,0.91
520,1546188773.21,3792610.35,616619.70,2,1.50
521,4337723277.50,3737822.41,765885.96,2,1.16
522,66784863.29,92722.00,8855.15,1,0.72
523,163529664.61,1331571.53,279157.23,2,2.36
524,15569436033.39,34143457.35,11288268.29,2,3.90
525,9412665827.07,12984165.43,4179850.36,2,1.61
526,43422273.63,56103.26,4780.15,1,0.33
527,858547919.21,853146.58,158523.51,2,0.84
528,2503699611.65,2906117.25,548229.86,1,1.71
529,7749470.44,51008.89,4929.36,1,0.27
530,33856467.98,36718.98,3258.36,2,0.47
531,4907552668.31,143138.11,30562.15,2,1.67
532,4798594398.76,3444501.67,639557.71,1,2.74
533,1485862071.97,4565546.04,1030757.51,1,1.45
534,89929879.28,20058.73,2017.02,2,0.44
535,135919872.46,420811.93,89896.71,1,2.33
536,54237667.19,70571.54,8401.47,2,0.51
537,853397428.37,2350203.65,438400.48,2,0.53
538,2917315241.89,1215463.61,219624.35,1,1.34
539,67656574.50,53948.60,5700.04,1,0.46
540,455688279.51,4647433.98,783050.07,0,1.70
541,2244613132.39,2036054.97,433390.29,1,1.42
542,79950976.67,55026.72,6515.46,2,0.20
543,3673690425.42,1928339.52,455005.61,1,1.58
544,60068833.86,54178.05,6386.46,2,0.29
545,41852795.11,64947.22,6527.33,2,0.16
546,18954440.49,80166.35,9146.18,2,0.64
547,55416796.36,29774.61,2462.20,1,0.18
548,13693299.51,65891.83,5535.03,1,0.50
549,62017900.60,31261.87,3231.44,1,0.34
550,1478356.38,25371.34,2254.52,2,0.44
551,73564306.78,87910.70,8660.43,1,0.25
552,61056138.94,84337.51,9643.87,1,0.18
553,6146935678.36,8392998.06,2033083.22,2,2.49
554,59413594.87,90724.05,9259.64,1,0.48
555,1892511287.50,1194202.57,264840.20,1,1.61
556,2044247272.48,2560619.62,545448.54,2,2.42
557,51899531.37,45175.82,3937.79,2,0.60
558,2469166737.06,1858098.14,329822.69,1,1.04
559,21470633.40,90864.88,8582.19,0,0.32
560,9861066650.96,36668131.38,11094483.95,1,5.98
561,951864100.59,3303009.03,625007.73,1,2.05
562,90817000.22,52120.81,4905.40,1,0.51
563,2559001223.91,780944.70,135297.47,1,0.77
564,36860071.48,72012.97,6101.89,1,0.26
565,48402649.63,21859.69,1889.77,0,0.35
566,889532787.80,3184748.08,519544.74,1,1.14
567,95865595.31,60336.39,6187.15,1,0.14
568,9489101.77,45471.13,5443.40,2,0.41
569,3993618744.28,4120220.58,719187.52,2,1.47
570,45893544.37,59469.00,5304.19,1,0.22
571,12565392891.06,23890775.57,6162562.09,2,1.57
572,78602955.25,50829.59,4305.30,1,0.26
573,4495147868.95,3896865.07,825895.89,0,1.36
574,1224482656.26,4031270.96,899636.35,2,1.30
575,3513867255.47,578812.85,98809.52,2,1.17
576,87799865.01,41456.02,3629.92,1,0.52
577,1712211.19,65800.07,7074.21,0,0.24
578,1342800358.54,4289386.94,831647.46,2,1.04
579,2124817975.65,3940563.24,782585.70,1,1.25
580,35091274.12,70843.97,7752.55,1,0.56
581,70231832.79,17017.72,1507.40,1,0.27
582,3563270674.31,887616.24,210512.06,1,0.44
583,11530661518.29,7883620.54,2101871.22,2,1.09
584,14209483860.75,28445249.44,9255876.51,2,4.96
585,2250963037.85,1088365.49,231332.89,0,1.71
586,2627486794.61,1235187.77,214377.50,0,0.54
587,99684897.24,78187.62,7359.42,1,0.31
588,436224142.49,541812.70,99021.42,1,2.51
589,9147617730.46,32286353.36,8502385.90,1,5.67
590,11540030.68,8166.21,749.41,2,0.65
591,17197210244.10,30870224.54,9980436.93,2,5.81
592,4810069753.98,2348357.30,462292.07,1,1.13
593,63732517.96,99425.61,10646.15,2,0.20
594,147643639.40,4177667.52,751397.82,2,0.81
595,93208227.74,48178.99,4535.64,2,0.45
596,4558644549.04,2545096.77,447869.14,1,2.26
597,25719847.96,62241.09,5367.66,1,0.21
598,3107752178.85,3844796.64,781716.04,2,0.64
599,98550771.60,89802.98,10304.96,2,0.44
600,22987185.52,58089.85,4773.01,1,0.48
601,2029212921.98,3463059.37,602517.02,1,2.53
602,157917895.19,1132686.69,233877.89,1,1.21
603,1261981847.29,2409592.29,503717.37,1,1.21
604,1924317176.56,4286197.83,781675.45,1,0.69
605,10887104.35,27724.96,2479.50,0,0.29
606,7243220858.98,41255076.27,10775531.91,2,4.49
607,3630745614.67,3948131.39,726466.97,1,1.61
608,394178250.85,4087708.54,809869.71,1,1.61
609,56474653.45,93252.61,8421.51,2,0.10
610,7984371659.55,30915250.59,9827825.67,2,2.29
611,2488719347.09,3708978.21,857406.70,2,1.07
612,17589978.01,80964.00,7569.77,2,0.42
613,17037949.41,23593.58,2186.54,1,0.21
614,45044940.38,86417.84,8168.78,1,0.49
615,3287008.14,73049.47,7778.37,0,0.61
616,11197922.09,7315.45,842.36,1,0.26
617,507930886.81,1386016.09,238979.60,1,2.10
618,29133352.73,63021.59,5372.66,1,0.36
619,9878019749.85,26426963.33,9434367.38,2,3.13
620,15464343153.61,12966648.80,4041835.44,2,4.39
621,3233688418.68,1617340.51,303693.63,1,1.79
622,26720897.35,31053.72,2484.41,1,0.59
623,1823393.95,92286.75,10878.61,1,0.23
624,23890323.96,1714.58,162.79,1,0.32
625,73974667.56,39582.60,3765.66,1,0.22
626,4558776576.85,4057117.21,871352.03,2,1.22
627,85494720.32,19058.31,1745.43,1,0.44
628,1020168268.47,195037.45,31980.40,1,1.21
629,71804398.28,72983.60,6518.34,1,0.18
630,80146772.84,99798.38,9834.87,2,0.43
631,5840575166.03,39904380.98,9918878.88,2,2.69
632,4158435032.23,697611.63,154487.25,1,1.17
633,264200428.69,2358089.71,522740.57,1,1.91
634,1629335891.36,1683009.62,353992.70,1,0.82
635,64213481.19,20673.64,2387.82,0,0.42
636,1690116089.39,920065.75,167532.93,0,0.92
637,78564048.78,48051.80,4990.11,0,0.21
638,62245840.99,93154.03,11167.20,1,0.29
639,3978184597.39,716554.54,127986.65,2,2.67
640,2249722600.67,1045529.97,224935.32,2,0.93
641,44312500.41,30176.75,3255.51,1,0.16
642,1449089868.01,4173613.01,973110.93,1,1.13
643,27071577.62,37344.16,2988.61,0,0.38
644,85826099.55,77825.64,6969.40,1,0.49
645,52882907.11,50257.37,5129.20,1,0.35
646,52796853.38,7601.30,862.05,1,0.21
647,10776605.08,57530.21,6526.92,1,0.42
648,37269047.99,60989.41,5052.06,1,0.45
649,6199352048.49,41045897.71,10149994.70,2,4.71
650,71134944.71,82540.65,7480.88,1,0.10
651,19408801181.56,9370366.26,3064303.09,2,2.92
652,62907180.30,18710.89,2057.60,1,0.23
653,46413338.65,66858.99,7709.71,1,0.15
654,16659469.13,99844.92,9756.89,2,0.25
655,37800231.73,76654.25,7452.60,1,0.48
656,76805113.74,92688.55,8357.13,1,0.54
657,4916486708.77,3019237.85,608100.92,1,2.01
658,85716322.13,3148.44,355.39,1,0.37
659,4637020006.04,858102.45,139886.92,1,0.93
660,1241671327.92,4074263.76,681837.86,2,1.59
661,3985230552.14,947222.21,214125.66,2,1.85
662,1571926943.83,3680867.87,758636.79,2,0.52
663,81897028.30,42235.65,4844.99,1,0.43
664,156028466.72,3909351.23,745118.27,1,0.79
665,50737759.43,22858.92,1874.91,1,0.42
666,2573173795.95,1188219.58,217661.20,0,0.97
667,341624380.54,2056037.37,342960.03,1,1.68
668,56370321.55,49298.25,5230.05,1,0.22
669,8092754.05,77900.42,7239.79,1,0.41
670,35482477.83,32753.10,3398.30,2,0.11
671,4951779993.13,2266829.52,389136.37,1,0.78
672,76015644.48,85423.65,7217.86,2,0.18
673,17302009346.45,5617998.17,1816048.40,0,1.61
674,54262540.33,21176.33,2137.34,1,0.23
675,70176767.97,2820.46,291.41,0,0.30
676,79129660.96,62178.51,5106.31,1,0.29
677,85356211.53,66349.94,7601.80,1,0.15
678,38689419.09,97684.58,8203.96,1,0.32
679,50564431.46,46340.64,5424.36,1,0.11
680,39946581.96,16543.52,1552.96,1,0.30
681,12518771917.66,41535178.70,13087530.61,2,6.43
682,55938995.81,28739.19,2473.53,0,0.58
683,96099963.65,61632.39,6472.69,0,0.18
684,18646030903.46,19817813.23,6045781.64,2,1.64
685,4326679541.74,1614092.14,349307.15,2,1.15
686,7177285923.39,46986347.59,16447733.29,2,2.70
687,32442161.33,88084.17,9608.50,1,0.58
688,44857444.22,93443.08,10817.46,1,0.47
689,19289903.16,76482.30,7990.81,1,0.25
690,69050410.63,36566.87,3931.88,1,0.33
691,1932401065.54,4275434.22,852160.94,0,0.66
692,173569876.21,1422307.64,274567.28,2,2.41
693,92783217.41,98577.14,11305.33,1,0.30
694,41081810.06,5140.80,562.47,1,0.26
695,3009648426.82,2673629.61,615102.28,1,1.96
696,307837988.44,4979598.22,1003370.18,1,1.44
697,3190177910.15,341547.70,62603.76,2,1.11
698,42823756.06,61700.29,5070.65,2,0.28
699,72542032.36,12203.99,1356.46,0,0.61
700,45637699.63,18708.98,1938.49,1,0.36
701,69480025.40,90809.08,10157.85,0,0.34
702,36931395.53,52857.91,5040.72,2,0.48
703,38680093.92,77057.77,8976.47,0,0.41
704,7683001470.10,37042136.95,10755177.17,2,2.99
705,676014494.17,744698.06,131236.75,1,1.40
706,13152517394.06,5258774.70,1819138.22,2,2.37
707,8861086.82,60410.11,5424.13,1,0.39
708,339702119.72,826455.22,175425.16,2,0.78
709,1562363578.55,4609885.02,755663.92,2,1.04
710,3488416728.60,3015348.03,672376.19,1,0.86
711,6396894317.33,18468251.67,5249200.35,2,2.13
712,1534880295.45,759274.37,163676.44,1,1.07
713,3099063350.15,635580.95,138797.08,1,2.15
714,4676069206.46,4932764.37,902572.48,1,1.44
715,10307800165.61,10837091.19,3332580.24,2,3.82
716,61331170.02,71150.12,8478.98,1,0.10
717,84958909.07,80156.87,9615.58,1,0.27
718,155356613.09,1085816.98,198194.32,1,1.71
719,1606994.98,68897.74,6452.58,0,0.48
720,33720968.38,34455.75,3683.28,1,0.63
721,63092848.28,89313.77,9063.45,1,0.32
722,4192018106.23,1566784.36,341554.50,1,1.14
723,4017723134.08,4451344.40,838133.15,0,1.95
724,14397662714.23,42908259.87,13237961.81,2,3.11
725,3555804301.82,1641047.05,266719.80,1,1.29
726,95121948.23,22397.85,2062.68,1,0.20
727,11656611394.81,6122064.86,1823883.01,2,2.80
728,2665777011.37,3900112.73,668727.38,2,2.49
729,750314066.60,3650396.10,718213.51,0,1.83
730,15305784961.00,31742941.14,7949991.26,2,2.39
731,1631155920.10,2930043.19,541974.28,1,1.88
732,32595829.26,44670.45,3783.86,0,0.16
733,2618897243.60,1112229.16,209127.39,2,0.88
734,25237682.31,8053.04,841.79,0,0.26
735,67874097.85,11486.76,943.66,1,0.25
736,4197254578.63,3526890.95,738196.71,2,1.33
737,2714076151.59,4871041.26,1073867.00,2,1.07
738,12024138580.70,25501287.68,8214917.41,1,4.32
739,86248531.43,62077.27,7232.90,1,0.33
740,4423779062.12,2321087.03,376993.58,1,1.27
741,77026209.96,60839.58,5177.19,1,0.19
742,65295689.87,79450.66,8049.13,1,0.28
743,4872069482.98,1980700.65,370900.32,2,2.09
744,78945350.29,54908.16,4911.32,2,0.31
745,2484488501.85,3001599.36,591413.15,1,1.83
746,6044114522.44,9893508.52,3340919.17,2,4.35
747,543611723.68,4103464.59,947822.04,0,2.31
748,15772426.75,53594.33,5123.58,1,0.31
749,57457364.38,91407.22,8426.10,2,0.53
750,9839453.05,1803.81,215.48,1,0.23
751,55339628.52,6259.60,676.88,2,0.45
752,8528617556.96,36599984.70,10515622.08,2,2.43
753,3346189045.53,2426869.92,424843.35,2,1.56
754,99748148.26,67336.54,5748.59,1,0.10
755,44236776.46,99031.55,8257.90,1,0.39
756,3061704612.21,2185950.44,381194.32,1,1.50
757,19393312.34,60852.75,6274.99,1,0.42
758,55070459.78,37330.03,4447.10,0,0.42
759,69359229.22,15066.66,1646.06,1,0.73
760,8745225.59,89101.63,7443.36,2,0.38
761,63735078.75,80011.73,7401.08,1,0.13
762,51753647.93,47454.01,5189.22,1,0.40
763,4497297.78,92363.59,10157.87,0,0.47
764,17738844.85,6110.37,730.89,1,0.52
765,51054014.82,85293.08,7771.39,2,0.15
766,12043391.02,18286.77,1895.80,2,0.18
767,70376712.38,49006.93,5487.55,0,0.46
768,93460243.62,16260.88,1623.45,1,0.67
769,64119891.98,21874.82,2392.55,1,0.30
770,17592439.28,40475.74,3725.98,1,0.53
771,70855172.65,47984.37,4117.35,2,0.36
772,68170847.12,96214.51,10325.27,1,0.17
773,11476788179.26,46311890.74,15885102.68,1,2.31
774,2016653442.08,3888439.98,855174.00,1,1.94
775,69337554.56,18811.75,1917.00,0,0.51
776,11286821.19,45148.28,4008.11,0,0.20
777,93912041.31,66003.95,7486.06,1,0.60
778,85787641.61,13860.82,1472.79,2,0.55
779,15434804504.84,16400108.25,4855000.62,2,5.92
780,43271356.49,90435.76,10019.85,0,0.21
781,1975715111.97,1730008.21,285113.47,1,1.90
782,92930043.52,61419.89,5351.99,1,0.27
783,64690478.53,91348.31,9921.89,1,0.12
784,45142323.18,89754.73,7714.79,1,0.52
785,70305464.73,90557.14,9326.08,1,0.45
786,84560866.21,78312.77,8725.24,2,0.25
787,2462125074.07,2879495.04,676115.15,1,1.33
788,4798237045.64,544268.18,110361.31,1,1.66
789,3274183601.85,965429.69,157506.47,2,1.00
790,14459255861.73,21166750.47,5295571.68,1,4.64
791,72254164.44,59701.60,5944.45,1,0.15
792,4187826432.12,2301605.66,551618.21,2,0.47
793,12700523.76,80903.27,8631.78,2,0.36
794,58355225.52,92556.77,7541.07,1,0.20
795,5687025402.79,36558356.50,9346674.96,1,1.41
796,2335304505.34,936378.00,194095.61,1,1.51
797,1180805368.79,4041822.30,784505.25,2,2.55
798,97609473.67,58020.73,4960.38,1,0.59
799,1743968265.58,691652.90,118479.41,1,1.45
800,92641877.53,5029.19,422.45,1,0.54
801,49209780.01,1628.61,141.98,2,0.17
802,80933768.52,77483.71,8344.56,1,0.23
803,93870871.43,61443.26,5007.92,2,0.20
804,3934656848.58,1804482.48,289376.92,1,0.75
805,36828229.15,76351.70,7756.49,1,0.25
806,20178180.31,79864.68,8578.25,0,0.55
807,311266446.60,3259818.10,595911.57,2,1.19
808,312255665.00,3728042.74,872320.65,1,1.03
809,89612838.32,72418.90,7510.44,1,0.22
810,78118552.62,33287.09,2793.54,1,0.56
811,47628035.72,48956.36,5660.31,1,0.23
812,14504056.84,72262.30,7607.84,0,0.46
813,392293426.21,768857.35,175401.05,1,1.09
814,14054539742.71,40529613.43,12830050.60,2,3.17
815,6297114984.51,43563819.37,13012757.14,2,6.05
816,73271757.71,73881.71,6639.47,2,0.28
817,829951538.72,2911133.85,466963.94,1,1.63
818,264740716.56,2702496.46,536017.33,1,2.33
819,56290209.68,2229.88,243.66,1,0.43
820,544574574.22,2450936.46,451920.65,2,2.18
821,46029238.97,77411.67,8899.86,1,0.35
822,63706827.98,86177.88,7137.94,0,0.47
823,27709148.68,94663.45,9627.03,0,0.56
824,16036411777.02,7466525.38,2638958.78,1,5.26
825,62294211.59,37191.54,3236.06,1,0.27
826,98143910.60,24624.64,2081.82,1,0.42
827,8146909634.01,38525752.16,10288397.16,2,2.38
828,7273548.83,35177.43,3498.36,1,0.28
829,2710991779.77,1532095.33,321243.78,2,2.48
830,5984413868.38,45135644.60,13312527.93,1,1.89
831,6640473808.88,17417423.13,5637146.44,2,4.22
832,1536530265.52,4850915.57,986262.91,1,0.73
833,1528432306.10,408452.59,93839.33,2,1.24
834,34936455.38,64959.07,6044.59,2,0.43
835,31104151.49,14063.47,1569.12,1,0.17
836,16546246056.87,7129352.14,2013147.30,2,2.59
837,1497708252.77,4868709.84,1105910.57,1,1.95
838,5073994.19,32345.96,2751.31,1,0.19
839,32377432.69,35040.85,3325.96,1,0.29
840,11068434968.34,27473761.21,7073011.75,0,2.90
841,4880445077.17,1723275.17,372978.97,2,1.21
842,13605913743.40,11618756.36,3576576.00,2,5.13
843,4510854898.37,783174.14,159827.67,2,1.04
844,10155632.00,6448.33,681.28,2,0.32
845,3232315.99,54302.82,5311.81,1,0.32
846,32458023.40,60902.70,7170.45,0,0.49
847,10544449506.64,21777401.79,5970449.88,2,3.57
848,73057482.34,44977.82,5384.02,2,0.42
849,11357482976.68,45339297.20,11640779.43,1,2.88
850,86885056.17,98677.20,8155.14,0,0.64
851,91526639.13,42036.89,4297.54,0,0.51
852,38795183.73,55832.83,4560.95,1,0.60
853,2370913987.61,231516.07,37087.89,2,1.31
854,65727484.25,89375.97,8641.43,1,0.38
855,28444486.39,99438.96,8220.52,1,0.48
856,14419940712.22,26421832.10,8542427.00,2,1.71
857,897951440.14,386700.93,71761.83,1,1.63
858,42531886.51,91298.36,8603.90,2,0.25
859,3855567944.63,997912.74,167210.95,2,1.92
860,3456339041.29,1575254.31,338420.54,1,1.33
861,163198552.81,2639036.66,500997.72,2,1.27
862,16300936.56,22890.24,2003.74,2,0.56
863,2707268702.92,2800452.86,617512.57,0,0.75
864,4624707788.12,2449639.33,453001.70,2,1.43
865,3841588774.72,1776021.14,385026.45,1,0.74
866,7135390045.65,15195849.38,3875569.21,2,1.30
867,480902957.86,3895992.31,859404.18,2,0.49
868,390399661.65,682718.87,123053.93,2,0.76
869,4608480546.99,1106465.81,256804.06,0,0.81
870,4715040399.57,4749078.86,892004.87,2,0.85
871,57453300.36,10811.46,1114.94,0,0.10
872,90264368.86,54175.52,6443.81,1,0.13
873,1895668825.66,2987964.80,583170.85,1,1.79
874,22213126.05,23527.87,1988.43,0,0.44
875,76465094.26,70768.36,7238.56,0,0.12
876,60438561.33,31888.68,3796.26,1,0.33
877,7831774785.01,8132412.06,2772558.79,1,3.70
878,12374725603.17,9732734.81,2847477.04,1,3.12
879,59465166.00,11070.49,1295.38,2,0.42
880,59901122.16,99075.47,8412.55,1,0.57
881,2951401257.58,1437566.67,320806.54,1,1.58
882,2081773636.03,2474211.01,451076.50,1,1.45
883,63208731.94,14326.23,1203.18,1,0.10
884,10739494741.48,35564196.29,9187241.86,1,3.03
885,3861103332.13,3984383.93,701867.32,1,1.71
886,86107558.89,55115.38,6509.30,2,0.12
887,32141360.58,38257.32,3763.99,2,0.13
888,70899861.17,49656.48,4239.65,0,0.44
889,3334385087.44,3458333.42,711644.85,1,1.70
890,49974421.91,97116.21,10165.89,1,0.36
891,5466726.76,83856.48,7878.74,2,0.32
892,10637654.87,35169.16,3316.26,1,0.30
893,3003405167.28,4560906.19,753644.23,0,0.99
894,46630029.25,86473.48,8882.73,1,0.45
895,4930247429.39,1950914.21,373061.74,1,1.86
896,1746240566.18,2563565.76,567041.04,1,1.24
897,50198219.43,84886.08,9463.61,1,0.51
898,99626541.64,40800.71,3632.71,2,0.34
899,34346968.06,7659.71,858.25,1,0.27
900,1579050371.59,4040220.89,786359.66,1,1.23
901,2320820166.10,3840866.85,670031.80,2,0.68
902,1143468744.59,4814373.67,1056161.12,1,1.75
903,3868683909.20,2225249.98,456820.04,1,1.68
904,15896792.75,68845.36,6334.53,2,0.28
905,21152246.11,41831.40,4724.79,1,0.35
906,12242299.09,19999.69,1796.44,1,0.48
907,65045283.07,4663.37,402.80,2,0.15
908,962327587.28,4277352.99,1014173.02,2,1.00
909,60558374.28,86850.01,10076.60,1,0.28
910,94373052.06,72699.21,6224.68,2,0.19
911,4162009755.11,4753405.05,1114789.71,1,1.25
912,80862037.32,33599.31,3473.26,1,0.34
913,15283512.96,18340.27,2178.77,1,0.27
914,38095793.47,94922.38,8795.47,2,0.34
915,19054584370.36,21334910.55,6952632.33,2,3.49
916,4223217535.94,3344894.83,786946.26,1,2.08
917,1615415658.29,4796569.70,906687.93,2,1.52
918,10827065222.84,45940509.50,13192142.02,1,4.81
919,1253756229.26,1130893.81,261484.97,2,2.33
920,2090815198.18,266020.24,61002.58,1,2.53
921,84275183.17,72021.22,8287.51,1,0.59
922,1824096098.26,3050368.12,686559.30,0,1.80
923,64517658.63,63385.48,7076.40,1,0.17
924,9140973.09,16624.42,1673.33,1,0.67
925,3460191553.91,3983947.25,739229.10,1,1.60
926,4151166185.77,4017690.47,706684.02,2,1.04
927,18265121456.65,15101921.01,5342653.50,2,5.88
928,19611913576.25,13921979.12,4512828.17,2,1.81
929,9817065.47,37424.10,4411.92,1,0.19
930,11805617976.25,35312451.92,8977183.86,2,3.60
931,1511013666.97,2521423.97,429690.85,2,2.18
932,68041676.47,42414.77,4086.28,1,0.16
933,4545908351.37,1911224.92,410419.05,1,0.96
934,69609332.24,68998.39,7488.63,1,0.50
935,6816479.05,33953.39,3035.22,2,0.69
936,13973480989.36,38670882.82,9492209.99,1,2.49
937,37719220.10,96837.72,9914.48,1,0.33
938,18168451279.56,10936379.02,3041167.35,1,2.81
939,13659277.98,87296.28,9898.71,1,0.58
940,14193973559.47,39270376.35,10667835.16,1,3.21
941,16455131204.80,11806913.58,4042262.62,1,4.93
942,23756194.01,4550.36,411.39,2,0.42
943,5611875628.10,21043405.23,6840863.76,2,3.37
944,6854813510.51,9211004.52,3170250.66,2,1.58
945,89198557.70,58982.06,6095.32,1,0.57
946,8606710.82,77057.09,8250.99,1,0.37
947,2031432033.56,2992658.64,706559.49,0,1.59
948,3331742683.44,2324872.02,549637.23,2,1.12
949,4759390245.53,1692085.79,369760.71,1,2.35
950,5819542.61,64720.76,6014.30,2,0.10
951,40486991.20,18623.07,2208.73,2,0.38
952,78169761.97,29208.65,3215.94,1,0.32
953,80828966.40,31700.03,3404.53,2,0.19
954,2499152875.56,4438523.89,879338.94,2,1.47
955,3107952138.88,2227119.02,432242.31,1,0.58
956,68937417.05,16351.90,1632.13,1,0.41
957,90813563.39,48283.53,4149.69,2,0.22
958,1547860006.14,333868.54,55463.11,1,0.50
959,66424670.14,57279.34,5162.89,1,0.17
960,66496254.02,18775.67,1638.90,2,0.22
961,59133630.43,46044.82,4918.07,2,0.34
962,7807876007.01,13328932.59,4393796.23,1,4.82
963,128650640.96,671723.48,116704.45,2,1.56
964,14028311601.94,26902512.23,8453305.37,2,5.15
965,2035486464.52,1583017.63,269124.33,0,0.46
966,17885180453.97,14415326.62,4581692.26,2,3.98
967,1035480818.32,1574497.56,310292.60,1,0.99
968,70557212.47,96422.82,9532.32,1,0.54
969,4185808810.74,349518.68,56143.17,2,1.88
970,3711683735.52,3019613.80,617041.06,1,1.07
971,3096326936.65,3425472.79,771879.39,1,1.60
972,32269164.87,7287.55,843.28,1,0.30
973,10201461700.54,36388149.82,8824011.02,1,2.01
974,22750532.16,90997.95,8514.32,1,0.47
975,30046010.16,71427.13,8456.41,1,0.55
976,4018799788.93,4238203.29,888952.08,2,1.22
977,20748938.06,60969.15,5123.61,1,0.40
978,5657884.28,2794.93,322.08,2,0.22
979,5479550116.53,7864951.38,2294005.41,1,3.07
980,34692097.18,36168.86,2961.04,0,0.45
981,2625398469.43,3380480.86,731916.00,1,2.09
982,643561140.27,618870.11,129248.43,2,2.45
983,11435697.29,63362.69,7276.24,1,0.42
984,51083765.05,73522.64,6173.83,0,0.37
985,2251631458.49,2137174.21,473432.50,1,1.19
986,517645922.33,1924938.15,424232.53,1,1.32
987,2166438825.86,1218091.82,273024.92,1,1.22
988,16919110195.58,21279846.63,5183165.25,2,1.28
989,6271673217.97,19166205.73,6858308.39,2,1.40
990,3243182196.76,4522304.54,744483.42,2,1.88
991,1549049681.83,2069813.81,443912.25,2,1.35
992,5118533502.56,17590133.51,5335703.30,2,6.04
993,54898103.81,79045.82,8385.30,1,0.54
994,20532279.67,30851.61,2513.75,1,0.31
995,99200472.98,29108.86,2436.78,1,0.37
996,3761231.30,79863.27,8281.83,1,0.26
997,6656628593.65,7697558.24,2191937.16,0,3.68
998,711274046.44,1560009.45,341562.03,2,1.76
999,13483958398.70,45245250.41,14267154.14,2,3.81
1000,78694137.02,71770.59,7672.09,1,0.45
